B2,PRDM6,CCACUCCGGCAGCUCCGGCG
B2,PRDM6,CACCAGUACUGUGCCCGGCC
B2,PRDM6,GUCCAAUCCAGGUGCCUUGC
C2,PRDM7,AAGCUGUGUGAGUGGCUGAA
C2,PRDM7,CAAAGAGAUCAGCGAGCCAC
C2,PRDM7,CUCAGGAGGAAGGAGACUGA
D2,PRDM9,UGAGGCAUCUGAUCUGCCGC
D2,PRDM9,CAGCCAACAAUGGAUACUCC
D2,PRDM9,UGCCCCACCAAAGGCACAGA
E2,PRIMPOL,CAGCCUGCUCUUGACUUGCU
E2,PRIMPOL,UUGCAGGUGCUUCUGAAAAA
E2,PRIMPOL,GACAUCGAAUUCAAAGAAAC
F2,PRKRA,GUCACCAACGGUUACUCUGA
F2,PRKRA,GAUCUUUCACAUUCAUAAAC
F2,PRKRA,AGAUGAUAACAGCUAAGCCA
G2,PRMT1,CUAGGAGAUGCUGAAGGACG
G2,PRMT1,CCGGCACCUCUUCAAGGACA
G2,PRMT1,CCUCUGCAUGUUUGCUGCCA
H2,PRMT2,GGUAUUUAGUUGUUCGUGGC
H2,PRMT2,GGAUAAAGUCAUCCUGGACG
H2,PRMT2,ACACUAUGCGCGGCCUAGAG
I2,PRMT3,GUUAGGCGGCCGGGGCGCUG
I2,PRMT3,ACAGCGGGGACGAGGCCGCC
I2,PRMT3,GAACCUGUUACAGAACAGGC
J2,PRMT5,GUCCGGCCCUCACCCCUGCU
J2,PRMT5,GCAAUUCAGGUCCCUCCCGC
J2,PRMT5,GAGAAAGAUGGCGGCGAUGG
K2,PRMT6,GAAAAGAAAGCUUGAGUCGG
K2,PRMT6,AGAGGAAGAUGGCGCGGAGC
K2,PRMT6,CUCGGACGUUUCGGUCCACG
L2,PRMT7,UAAAAUACUACCAAGGUAUC
L2,PRMT7,UUGGUUCUCGACAUUGGCAC
L2,PRMT7,CGACUUCUGCUAUGCCAUCG
M2,PRMT8,GACGACGGGCUGGGGGGGCU
M2,PRMT8,CAACCCAGCUGCCCAGGACG
M2,PRMT8,GUCGAAGUAAUAAUCUCUCG
N2,PUM1,CUGCAACUCCUAUAGAUCCU
N2,PUM1,GCCUGAUUUGCAGCUGGUUG
N2,PUM1,ACAGGCAUGUUGGGAUUAGC
O2,PUM2,GCAUCCAGAUUCUGAGUUUC
O2,PUM2,UACUAAUCCCUCAGAAGGAC
O2,PUM2,UCUUUAUGUAGUCGUACUCC
B3,PYGO2,CAGGACUGCCAAGGAAUGGA
B3,PYGO2,AACCCUUUUGAAGAUGACUU
B3,PYGO2,UCCGUCAGAUGUGAGUAUGC
C3,RAD21,GUCAACAUCAAACAUACCUU
C3,RAD21,ACACUCGAACACAUGGGCUU
C3,RAD21,CAUUUUGUUCUCAGUAAAAG
D3,RAD50,GAAUGCUCAUCUUUUCGAUC
D3,RAD50,CUUCAGCCCCCUUACAAUUU
D3,RAD50,AGCGACCUGUAAACUGAAGG
E3,RAD51,UUUCUUCAUUUGCAGCAGUG
E3,RAD51,AGAAGCUGGAUUCCAUACUG
E3,RAD51,AGCCAAAGCUGAUAAAAUUC
F3,RAE1,AGGUUCAAAAUGAGCCUGUU
F3,RAE1,AGACAAUCACAAUCCCAUGA
F3,RAE1,GGGCAGAGUUUCUCCCAUCA
G3,RAG1,CGACAUCUCUGCCGCAUCUG
G3,RAG1,CCUGUGGAUGGUAAAACCCU
G3,RAG1,GGUUUUCCGGAUCGAUGUGA
H3,RAG2,GAAGCCUACAAUUUUCUCUA
H3,RAG2,UCCAGUGGGGCAGGAUCUUU
H3,RAG2,AACAUAGCCUUAAUUCAGCC
I3,RAN,GUUUCCGUUUCAGCCACCUU
I3,RAN,GCCGGCCAGGAGAAAUUCGG
I3,RAN,GGCAUUUGUAACUUGCUGAA
J3,RANBP2,GGCGAUAGAAUUCCCGUUGC
J3,RANBP2,UAUCCUGGUUCUGGCAAAGG
J3,RANBP2,GAAUCUAAGACUAUAGAAUU
K3,RBBP4,CUCACCUUCCUUGUCGGCCA
K3,RBBP4,UCGACAUGGCCUAACAGUGA
K3,RBBP4,UCGACAUGGCCUAACAGUGA
L3,RBBP5,UACUCACAGCUACAUCCAAG
L3,RBBP5,GGAGAAGAGCAUUGGCAACC
L3,RBBP5,AGAAACAACAUUUCUUCCAU
M3,RBBP7,AAGCCACUGAACGGUAAGAC
M3,RBBP7,UACACCGUUUCUAUAUGACC
M3,RBBP7,AGUGUUUGAAGAUACUGUGG
N3,RBM3,AGUGGUCGUUGUCAAGGACC
N3,RBM3,UGGCAACUGAAGCAUGCUCU
N3,RBM3,AGGGACCUUGUCCCCAUCUG
O3,RBM4,ACGUGCAGUUGUCCACCAGC
O3,RBM4,AGAGCGGCUGCUAUCGGUGC
O3,RBM4,ACGCGGCCUGAACGAUCUAU
B4,RBPJ,CAUAAUGGAUGUAGCCAUCU
B4,RBPJ,AGUAGAGCCAUACCAAUCUU
B4,RBPJ,GGAAAAUCACAACAUUCAAA
C4,RCBTB1,AGUAACGUACAGUGCUUCAC
C4,RCBTB1,AAUAGACGCGAUCUCUUGAG
C4,RCBTB1,GCCAGAGUCAUGGUGGAUGU
D4,RCC1,CCCGGCUUGGUGCUGACACU
D4,RCC1,GCCGGCCCUGGUAUCCAUUC
D4,RCC1,GCCACUUUUGCUUAGACACA
E4,RCOR1,CUCGGGCUCGUCCAGCGACG
E4,RCOR1,CCGCAGGUGGCGGUGGCAUG
E4,RCOR1,UACUCACCGGGGUCGAAGUC
F4,REST,UGGCAAAUGUGGCCUUAACU
F4,REST,UGGCAGAACUGAUGCCGGUU
F4,REST,GAAGAGUCUGCUGAUAUAAA
G4,RIF1,GGCAGUGAGGUGGGCAAAAC
G4,RIF1,UUUGCGGGGAGCAACUGCUC
G4,RIF1,GCAAGAAAUAGCAUCUAUUA
H4,RING1,GGACACCAGCUUCUUUCGGC
H4,RING1,UCUCUAAGAUCUAUCCUAGC
H4,RING1,GCUGGUUGUGCAGGCGGCUC
I4,RIOX1,UUCGGCCGCCCGCGCCUCAA
I4,RIOX1,CGUAUCUUCCUGGACCUCAA
I4,RIOX1,GAUUCCUCCGAGUUCUCGCU
J4,RLIM,GUCACCUAUGAAAGUGAACG
J4,RLIM,CAAGUAAGAAGAGUUCGUCC
J4,RLIM,AGUGGUGAAUCUACAGGAUC
K4,RNF168,GAGUCCACGACGAUACCCGG
K4,RNF168,UCGACGGUCGACUGGAAGCA
K4,RNF168,GCACUCGGACAGCGAGGGGA
L4,RNF169,GCAGCCGCUCUGAGUCGGCG
L4,RNF169,ACAGCGAAGGUCCAGAAGCC
L4,RNF169,CGGAGGAAUCGGGCUGCGCC
M4,RNF2,AAUUCACUGUGUAGACUUCG
M4,RNF2,AUCAUCACAGCCCUUAGAAG
M4,RNF2,AUCAUCACAGCCCUUAGAAG
N4,RNF20,GCAAACCAAAAAUCGCAAGC
N4,RNF20,CUCACGAAGUUCAUCUUCAA
N4,RNF20,UAUUGAUUGUCAACCGAUAC
O4,RNF4,CCUUAGAAAGAAGAAGACCA
O4,RNF4,UGUGGUGAGCAGUGACGAUG
O4,RNF4,CCUGGCGUUUCUGGGAGUAU
B5,RNF40,GCCGCGGCCAUGUCUGGGCC
B5,RNF40,GGAAAAGAAGCUGAGUCGUG
B5,RNF40,GAGAUGCCUCCAAGACGAAU
C5,RNF8,UCCCAGGUGACUGUAGGACG
C5,RNF8,GGUUUCGAGAAAUCAUCAGG
C5,RNF8,UGUUGUCCAUAAUUGUCCAU
D5,RPA2,GUUUCUGUCAUAGAUGACUC
D5,RPA2,CUUUUCGGCUUGAGAAGGUG
D5,RPA2,ACAGGUGGAUUCGAAAGCUA
E5,RRP8,CCCUACUUCAGCAGAGGCAC
E5,RRP8,UAUAAGUGACUCUGAGGAGG
E5,RRP8,UGCCUCUAGGGCCCGUAAUG
F5,RSF1,CCGUUGCCGACGUCCGGCGG
F5,RSF1,CGAAGUUGGGGCACGAACCC
F5,RSF1,AAUGGCGACGGCGGCGGCAG
G5,RTF1,CCUUUGUGUGGGUCGAGCAG
G5,RTF1,GGGCAAGAGGGGAGUCCGGG
G5,RTF1,CGUGAUCGACUCGGACACAG
H5,RUVBL1,AGAUGUGACCUUGCAUGACU
H5,RUVBL1,AGUAUGUCCCCUUGCCAAAA
H5,RUVBL1,UCUUUUUGCAGAGGCAGGGC
I5,RUVBL2,UCCCACCCACAGGCUUCGCA
I5,RUVBL2,CGUGGUGCUGGAGAUGAUCC
I5,RUVBL2,AUGGCCGUCUUCCCCGUGCC
J5,RYBP,GAUCUUCAAGUACCUGGUGG
J5,RYBP,GGCUUCAGCACUGUUUCUGA
J5,RYBP,GCAGGUUUCGCUUGUCUUUU
K5,SAFB,GCGGAGACUCUGUCAGGCCU
K5,SAFB,ACCUGCGAGUGAUCGAUCUG
K5,SAFB,CGGCAACAAGAGCGUUUUGA
L5,SAP130,GUGUGGCUGAUGCGACAGCA
L5,SAP130,AGCAAGAGCCUGUUGUGGUA
L5,SAP130,UUACUAGUCAAUGAUGAAUC
M5,SAP18,UAGUGCUCAUGCUCGCUGCA
M5,SAP18,GGAGUCGCGCGUUACCCAGG
M5,SAP18,AGGGGGCCUUCACCUUCUCG
N5,SAP30,ACGCCUGACGAGAUGAGCCG
N5,SAP30,CCCGUUCCCCGCCGAGGCGG
N5,SAP30,GGGCCCGGCCCGGCCGCCCC
O5,SAP30BP,GUCGUCUCUCGCAGUUUACG
O5,SAP30BP,AAUCGAGGCGGUGGGCAGCG
O5,SAP30BP,AAUGCUGUACCCUCGCUGGG
B6,SAP30L,GGAGAUGAACGGCUUCAGCA
B6,SAP30L,CUGGCCGUAGCCCGGGGCGG
B6,SAP30L,AGGAGGCGUUGCCCGCGGGC
C6,SATB1,AGAUGGCCCGAGUGUUUUAA
C6,SATB1,CCGCUAGGAAGAGGAAGGCU
C6,SATB1,AUUUGAACGAGGCAACUCAG
D6,SATB2,GGCGCCGUUGGGCCUCCCGC
D6,SATB2,GGGGCCUCCCCCAGUGAAGG
D6,SATB2,GUCGGAGCAGCAUGGAGCGG
E6,SCMH1,CAGCUGAAAUCCAGCCUAUU
E6,SCMH1,CGCCUUCGCCUGCGCCUUGA
E6,SCMH1,AAUUGGAAGCACAGGACCCC
F6,SEH1L,GGCCCAUCCUGAAUUUGGGC
F6,SEH1L,GCUGUAUGGGAAGAAAUAGU
F6,SEH1L,CUAAUAAAUGUCUCACCCAG
G6,SENP1,CGCUUUCUGACCAGCAGGUU
G6,SENP1,GGGUUUUGAAUACGGAGUUG
G6,SENP1,AUGAUAUUGCUGAUAGGAUG
H6,SENP2,UUGGGCCUGGUAUGUACAGA
H6,SENP2,GCACCGACCGGUCGCAGAAA
H6,SENP2,CACGGCCGAGGAGCCCGCUG
I6,SET,UUUGGCCGCCGGCGCCGACA
I6,SET,GCUCUCACCUGAGGUCUCGU
I6,SET,CCCGGCCCGCAGGCCGCCGG
J6,SETD1A,AGAAGGCCCCGAGCUUCCAG
J6,SETD1A,CGCAGGGCAGGGUCCAAGGC
J6,SETD1A,CACUCACGUUGACACUGAAG
K6,SETD1B,CUACAGGGGAAACCCGAAUG
K6,SETD1B,GCUCGCCCACUGGGAGGGUC
K6,SETD1B,ACGGCCAUAAACCCACCUGC
L6,SETD2,UAGAAUAGGAUGAUGUCCUU
L6,SETD2,CGUGCUCUGUUAUCUGUGUA
L6,SETD2,ACUCUGAUCGUCGCUACCAU
M6,SETD3,UCAUCUUCUUCAAAGUAGAG
M6,SETD3,UCGCUCACACAGCAAAUGAA
M6,SETD3,AUUCGGUCUUGAGAAUAUAA
N6,SETD6,CUGAGCUGGUGCCGGCGGGU
N6,SETD6,UCAGGUGGCGGUCAGCCGGC
N6,SETD6,UCCGGCCUGCACGCUCUCCC
O6,SETD7,GGGAAGUUCUUCUUCUUUGA
O6,SETD7,AAAUCUGUCUGUGGAGGAGU
O6,SETD7,CCAGGGCACCUGGACGAUGA
B7,SETDB1,AAAGCAUGUCUUCCCUUCCU
B7,SETDB1,UGCAGAGCUGCAACAGGCAG
B7,SETDB1,ACUUCGGCAUUUCAUCGAUG
C7,SETDB2,UGGAAGGAGUCUACGAAACG
C7,SETDB2,AUACCUAUGUUCAGUUGGCU
C7,SETDB2,UGUGGAUAUUAGCAAUGGAG
D7,SETMAR,CGGGUAAAUGUUCGCGGAAG
D7,SETMAR,GGAGUUUAAGGAGAAGCCUG
D7,SETMAR,CGGCCAGGAAAACUUGCCGG
E7,SETSIP,GAGCAAGGAGACUCAUGGUC
E7,SETSIP,GAGCAAGGAGACUCAUGGUC
E7,SETSIP,GAGCAAGGAGACUCAUGGUC
F7,SF3B1,CUGAAUACUUAUAGAAAAGU
F7,SF3B1,ACGCUCUGGGGAAAUUAUCA
F7,SF3B1,GGAGGUCUGUGCUCAGCAAA
G7,SFMBT1,UUGCUCCUUCUCCGCUAUGA
G7,SFMBT1,GAACAGAUCCUGAGACCUAC
G7,SFMBT1,GUGGACACACGUUUGCAAAA
H7,SFR1,UUUUCGGGAACUAUUUGUAU
H7,SFR1,UCUAAGUAUUGUGGCAGUGG
H7,SFR1,UCUAAGUAUUGUGGCAGUGG
I7,SGF29,CUGCAGUUUCUCCCUAUUAC
I7,SGF29,CUUGCACUCAGCCUCUGCAU
I7,SGF29,GGCUGGGGACUUGGUCCAAA
J7,SHPRH,UUGACAGCCUCUCUUUGGUA
J7,SHPRH,AGAAACGCAGUCCAUCCAAG
J7,SHPRH,AUGUACAGAUGUGUUGGAAG
K7,SIN3A,CUUCAUACACAGGAGGGGCA
K7,SIN3A,UGCCAGGGAUCCGACGCUGC
K7,SIN3A,GCACAGAAUGAAGCGGCGUU
L7,SIN3B,AGCAGCUGAACACGAGGGGC
L7,SIN3B,CCGAGGUGGCCAACCUCUUC
L7,SIN3B,GAGACCGCUUGGCUUCGGGC
M7,SIRT1,UUGAUACAGGAAAUAUAUCC
M7,SIRT1,AUAGCCUUGUCAGAUAAGGA
M7,SIRT1,CAAAGGAUAAUUCAGUGUCA
N7,SIRT2,AGCGUUCGCUCUGCAUGUAC
N7,SIRT2,CAGCCAGAAGGAGCGUCUGC
N7,SIRT2,UCCGGUCAGUGGACUUCCUG
O7,SIRT3,AAGCACCAGCCGACAGCCGC
O7,SIRT3,CCGGGUAGUUGAACGGGUCG
O7,SIRT3,GGAACAUGGCGUUCUGGGGU
B8,SIRT4,GAGACUCCUUGUGAUGACUG
B8,SIRT4,ACUUUUUCUGACCUGUAGUC
B8,SIRT4,AGUUUCUCGCCCAGUACCGC
C8,SIRT5,CCGGGACGGGUUGUGGGCAA
C8,SIRT5,AGCCGAGUGUGAGACCCGGC
C8,SIRT5,GUGCAGCUCAUCGAUGUUCU
D8,SIRT6,CACAAUCACAGACCUGAAGU
D8,SIRT6,GGUCUGGCAGUCUUCCAGUG
D8,SIRT6,ACAGAUCUUCGACCCCCCGG
E8,SIRT7,GGUGUCGCGCAUCCUGAGGA
E8,SIRT7,AGCGGCGGCGGCGUACCUGG
E8,SIRT7,CCGAGCGCAAAGCGGCGGAG
F8,SLC50A1,CUAGCAGGGUUGCAGUCUGU
F8,SLC50A1,GAGGCCCGGCUUCAGCAGUU
F8,SLC50A1,CCAAGUCAGCCAGUGGUGAG
G8,SLF2,CGCUGCAUGCCCGCUAGGCC
G8,SLF2,CCGGGUCUCAGAUGGCAGCG
G8,SLF2,UCUGCACGGUACCUGUCCCC
H8,SLX4,AUCCUGCUGGCAGGAAGUGG
H8,SLX4,CCGACAGAUAGAGGACCGUG
H8,SLX4,AAGUCGCAAGAAGAAACCCC
I8,SMAD1,CAGCUGUGAAGAGACUUCUU
I8,SMAD1,AGAGAAAGCUGUUGAUGCUU
I8,SMAD1,CGGUUGCCCUGGGCAGCUCA
J8,SMAD2,UGAGAAAGCAGUGAAAAGUC
J8,SMAD2,GGGUCUGGAGGAGCAGGCGG
J8,SMAD2,UGGCGGCGUGAAUGGCAAGA
K8,SMAD3,CCGAUCGUGAAGCGCCUGCU
K8,SMAD3,CGAGAAGGCGGUCAAGAGCC
K8,SMAD3,CUUGGUGUUGACGUUCUGCG
L8,SMARCA1,CUCGCCCUUCUCCGUGGCCG
L8,SMARCA1,CGGGCCGUCCACCUCUCAGG
L8,SMARCA1,GGUCGCAUCCGCGGCUGCCA
M8,SMARCA2,GGGCAUCGCACCAGGGUCUG
M8,SMARCA2,CCAAUUCUUGGGCCUAGUCC
M8,SMARCA2,AGCAUGAUGGGGCCAAGUCC
N8,SMARCA4,ACUCCAGACCCACCCCUGGG
N8,SMARCA4,CCCUAGCCCGGGUCCCUCGC
N8,SMARCA4,GUCCUGCUGAGGGCGGCCCU
O8,SMARCA5,ACGGAACAUCAUGUCGUCCG
O8,SMARCA5,CCGCUGGCGAUCGAGGCUGC
O8,SMARCA5,CGCCUGCGCCGCGACGCCUU
B9,SMARCAD1,CAAUAUGAAUCUUUUCAACC
B9,SMARCAD1,ACCCCUCAACCUUCCCAGCC
B9,SMARCAD1,UGCUGAAGGGGAAGUUAGCA
C9,SMARCB1,UGUUUGUCUGUUACAGAUCA
C9,SMARCB1,CACUUCCGAGGCUUUUAACA
C9,SMARCB1,CGCAUUACCUGAGGUAGGUG
D9,SMARCC1,AGACCCGCACCGAAUCCAGC
D9,SMARCC1,UGUUUAUCGACGGAAGGAUG
D9,SMARCC1,GGGACAGCGGUAGGCGCCAC
E9,SMARCC2,AUACCUAUUGUAGUCAAACC
E9,SMARCC2,CAGUCACAUUGUCCUCAUGC
E9,SMARCC2,GGAUGAGGAUGAGAACAGUA
F9,SMARCD1,GCGGGCGCGGCUGCUGCCUU
F9,SMARCD1,UGGGCCCGGCUCCGGGUCAA
F9,SMARCD1,UCCUGCCCCACUCACCGGAU
G9,SMARCD2,ACCGGGUCCGGCAGGAGGCG
G9,SMARCD2,GGCGCCGUGGCUGCGGCCCU
G9,SMARCD2,AGCGAUGUCGGGCCGAGGCG
H9,SMARCD3,UGGGCCUCUUCAGAGCCUCC
H9,SMARCD3,CUUGGCAUUUGAGAGGAAAC
H9,SMARCD3,CCUUCUCCAGAUUCGGGAGC
I9,SMARCE1,CCUAAUUCUGAAGGCAUUUC
I9,SMARCE1,ACCAACAGCCGGGUCACGGU
I9,SMARCE1,CAGCAAAUGCCCAGCACACC
J9,SMC1A,AGACCAUGCUGACAAAGGCC
J9,SMC1A,CCCGCAGGGUCUUUACCCGC
J9,SMC1A,CUUAGGUAAGUCAAAUCUCA
K9,SMC3,AUAAAGAUCCGUUCUUUCCU
K9,SMC3,AAGGGAUAAGUGGAUUAAAA
K9,SMC3,UGCUGCUAUACAUAAGGAUU
L9,SMCHD1,UUUCCCCAAUAUGGCAGCGG
L9,SMCHD1,AUGGCGGAGGCGUCGGCCAC
L9,SMCHD1,GAGCGCUCCCCGACCUGCAG
M9,SMUG1,GGAUUGUAGAUGAUGCCCAC
M9,SMUG1,UGAGCCGAAGCUCCUCCUCC
M9,SMUG1,UGCCCCAGGCUUUCCUGCUG
N9,SMYD1,ACAGUCUCUGAGAUGACAAU
N9,SMYD1,GAAGGCCACCAAGGAGUUCU
N9,SMYD1,AUUCCGCAGUGGUUUUUGAC
O9,SMYD2,GCCGAGGCCCUCGGCCCUCA
O9,SMYD2,GCGGGCUCUGCAGCCCUUCC
O9,SMYD2,CUCGUUGACCGUGAGCACGU
B10,SMYD3,UUACGCACCCGAGAAGGCAG
B10,SMYD3,UGUACGCCAAGGGAUCCGAG
B10,SMYD3,GCGAACUUUUCCACCUUCAG
C10,SNIP1,GAGCGGGCCGGCUCGCUGGU
C10,SNIP1,GGCGGGGGUGGUGGUGAAGC
C10,SNIP1,UGAAGAGCGAACGGGAGCGA
D10,SNW1,UAUGAUGCAAUUGCUCGACA
D10,SNW1,GAAAAAAAUGUCGAAUGCGC
D10,SNW1,GUGUAGGAUUUUGGAGAUGG
E10,SPI1,GUGGCACCAUGGGGGUAUCG
E10,SPI1,GAGCUCCGUGAAGUUGUUCU
E10,SPI1,GGGGGUGGAAGUCCCAGUAA
F10,SPOUT1,UGGCCCCUUACUUGGCAUCC
F10,SPOUT1,GGCAAUCUGACCGGCCAAGU
F10,SPOUT1,AGCCCUGCCGGGCUCCAUCC
G10,SPTY2D1,AGGGGCAUUCCUUUGGAAGA
G10,SPTY2D1,GCCUUUUUGGACACAGUUGG
G10,SPTY2D1,AAUUCCUUGAACGAAAGCAU
H10,SRRT,CAGCAUUGCAGAGAUUGACC
H10,SRRT,CCUCUCCCUGGAUGACUCGG
H10,SRRT,ACUACAAGCUGGAUUUCCGG
I10,SS18L1,CCCACGCAGAACAUGAACCU
I10,SS18L1,CCUGAGUGACGCCAUCAGCA
I10,SS18L1,CGCACUCACCGUUGCCAAUC
J10,SSRP1,CUACGUCCCACCCACCCAGG
J10,SSRP1,CAUUCUUGCCUGUGGUGCAC
J10,SSRP1,UGGCUGGUCACCAAUGUCAA
K10,STAG1,ACUGGGGAAAAGUGCAAUGC
K10,STAG1,CACCCUCAACAGAAUGGGGA
K10,STAG1,AAGAAACCUCGAAAAUCUCC
L10,STAG2,ACUUGUAAAAAAGGCAAAAA
L10,STAG2,UCUGGUCCAAACCGAAUGAA
L10,STAG2,UUGUUUGAAGUUGUUAAAAU
M10,STAT3,AAUCUUGACUCUCAAUCCAA
M10,STAT3,AGCUGUCACUGUAGAGCUGA
M10,STAT3,AUUUUAGCAGGAUGGCCCAA
N10,SUDS3,GCUCCAGCCUGGGCCGGGGC
N10,SUDS3,CAGCUGUCGGGGCCGCGAGU
N10,SUDS3,CCACCUCCGCUCCGGGCGGC
O10,SUMO1,CAGUGAACCAAACUGCUCAA
O10,SUMO1,GUGUUCCAAUGAAUUCACUC
O10,SUMO1,GUGUUCCAAUGAAUUCACUC
B11,SUMO2,UCAUGGCGCGGGCCGGGGUC
B11,SUMO2,GCUCACCUUGGGCUUUUCGU
B11,SUMO2,GCUCACCUUGGGCUUUUCGU
C11,SUMO3,CACAGGACCAGUGCGCACAC
C11,SUMO3,GCCUUCAUCAGCUUGCUCAG
C11,SUMO3,CGGCCACCUUCAGGUUGAUG
D11,SUPT16H,CUUUUUGCUCCAGCUUCAAG
D11,SUPT16H,CAUCAAAGUGCGAACAAGGU
D11,SUPT16H,GACAAGAAUCAUAUGCACUU
E11,SUPT5H,CCCUGUAGGUAGACGAAGAG
E11,SUPT5H,AGAGCCUGAGGACGAAGAGG
E11,SUPT5H,CCCCCCAAGAAACCCCGCCA
F11,SUPT6H,CCCACCCCUAGCAAAAGUAC
F11,SUPT6H,CGAGGAGGAAUAUGGCAAGG
F11,SUPT6H,UGGGGAAGGGGAAGAAGGGC
G11,SUV39H1,AUCCAGACUCAGAGAGCACC
G11,SUV39H1,UAUCCUCAAGCAGUUCCACA
G11,SUV39H1,GGCCAACUACCUGGUGCAGA
H11,SUV39H2,GGCCAGAUUCUACAAAUACU
H11,SUV39H2,CAAGCAUAAUUAUUUAUCUC
H11,SUV39H2,CUUCACAAUGUACUCAGCAA
I11,SUZ12,CCAUUCGAAACAUUUUCUCA
I11,SUZ12,AGGAGCCGUAGAUUUAUCAU
I11,SUZ12,GUUAAACCUACUCAAACUAU
J11,SWI5,GGCGUGGCUAUGCAGCGGCG
J11,SWI5,GUCCCCGCCCACCUCGGGAG
J11,SWI5,UGUGCGCCAGUUCACACUCC
K11,TAF1A,AUACUGUAAAAGCCCUUUAU
K11,TAF1A,UGGUGAAAAUACGUCUUCCC
K11,TAF1A,AAGGUAUAAUGCAUGUUGUA
L11,TAF1B,UAAUCUAAGUCAUUCAGACU
L11,TAF1B,GCUCCACUUUCAAGAAAAGG
L11,TAF1B,AUUGUGAUGCUUUGCUGACG
M11,TAF1C,CCAGAUCAGCCGGUUCCUCU
M11,TAF1C,CAGUCACAUCCAGCACGACU
M11,TAF1C,GCCCGGGACCUGCUUUUCCG
N11,TAF1D,AAAAUAGCUUUUAUAGUCAA
N11,TAF1D,UCACUUGCGUGAACACUUUC
N11,TAF1D,UUCUCCCCUUUAGGUGAGUA
O11,TARBP2,CAAAUGCUGGCCGCCAACCC
O11,TARBP2,CACAGGCGUCUUCCCUAUUC
O11,TARBP2,AGUGCAGCUGGUGUCGCCAA
B13,TBL1X,UGCCACAGGUUUUUCCCACU
B13,TBL1X,CAAUGGGACGCUAGUGCCAC
B13,TBL1X,UCUCGGCCUCUACAUACUGC
C13,TBL1XR1,CAACAAGGAUCUGCAAAAAA
C13,TBL1XR1,AGAUAAGCUUGCACAGCAAC
C13,TBL1XR1,AGGCAUUACGGCAUCUAUCA
D13,TBP,AACGUCCCAGCAGGCAACAC
D13,TBP,UCUCACAACUGCACCCUUGC
D13,TBP,GAUGGGGGUCAUGGGAGUCA
E13,TDG,UUAUAGAUUGGCAUAAACCC
E13,TDG,AAGGUAACCACUUACAAAAA
E13,TDG,UUUCUUUUUAAAAACACAAU
F13,TDRD1,UUUUCAGCCUGAAAUUAGGG
F13,TDRD1,CAAACAAUAUUUGGCUAGUC
F13,TDRD1,GGCAUCAACGGAGAAGUAGU
G13,TDRD12,AGGAGCUAAAGUGCUGGUGC
G13,TDRD12,UUCUGCCAGGUACUGGUCUG
G13,TDRD12,ACAUACUUUUUAGAUUUGAC
H13,TDRD3,UAGUUCCAGGUGGUGUGUUC
H13,TDRD3,UGUUAGAGUCAUUCAAGAGC
H13,TDRD3,GUAACUCCCAUUUCUCAAUA
I13,TDRD5,UGAUCAUAUUUCAGGAACAC
I13,TDRD5,UGCGGUUUGAAGCCAUUAGU
I13,TDRD5,UGUCACACAAAAAAAUGUUA
J13,TDRD9,UCUUUUCAGCGUUGUCCAUU
J13,TDRD9,GCCACUGCCCUUUCCCCGCC
J13,TDRD9,GUCCUACCUCCUUUAGUAGA
K13,TDRKH,UUUCCCUAUACCUGCGGUAU
K13,TDRKH,AGAAAAUAGCCCUGGGCCUU
K13,TDRKH,AGCAGAAAAUGUCUACUGAA
L13,TERT,GGGGGCGGCCGUGCGUCCCA
L13,TERT,CUGGCGGCUGGUGCAGCGCG
L13,TERT,GCGGUAGUGGCUGCGCAGCA
M13,TET1,GGUCGUAGCCAAAUCCAAAA
M13,TET1,GAGUGCUUUACUCCCAAAGC
M13,TET1,UUAGAGUCUCUAUAUCAGGA
N13,TET2,AGAGCUCAUCCAGAAGUAAA
N13,TET2,UUAUGGAAUACCCUGUAUGA
N13,TET2,UCCUCCAUUUUGCAAACACU
O13,TET3,CGAGCAGUAUGAGCUGGGCC
O13,TET3,CGAAGCUGUGUCCUCUUAUG
O13,TET3,CAACCGUGAGAUGAGUCGUG
B14,TFAP2C,UCCCAUUGCUGCUCCCGUCG
B14,TFAP2C,AUAUUCGGCGACUCCAGUGU
B14,TFAP2C,GGGGUCGGCCGACUGGGAGU
C14,TFPT,GAGUUUGUGUCAGGUGGUCU
C14,TFPT,GCGUUGCCUCCCCUAUUUGG
C14,TFPT,CUCAGGACCAUGGCAGCCGU
D14,TGFB1,GCCGCAGCUUGGACAGGAUC
D14,TGFB1,CUCCAUGUCGAUAGUCUUGC
D14,TGFB1,AGCAGCCGCAGCCCGGAGGG
E14,TICRR,UCACAAAGUAAUGCUGCUGC
E14,TICRR,GCAGGGCGGCCCGCCGGACC
E14,TICRR,CUUGAAGGCCCAGUGGACCC
F14,TIMELESS,UCACCUGGUCACGAAACAUA
F14,TIMELESS,UUGCUCCUCAGCAGACGAGC
F14,TIMELESS,CGCCCAGAGGAGCUGGUCAU
G14,TIPARP,GAUCAGAAAAGAUUGGGAAC
G14,TIPARP,CUAGAAUCUGGCUCACUUGA
G14,TIPARP,UCCAUGGCUUUCUUCAUCAU
H14,TIPIN,CUUCUAAUGUUAUAAACUUU
H14,TIPIN,UACCCAAGCUGGAUGCUCAG
H14,TIPIN,GUUUCACCAGAGUCAGGAAA
I14,TLK1,AGGAGGCCCGCGAGCGGGCG
I14,TLK1,GCCGCCGCCGAGCCCGGGGU
I14,TLK1,AGUAGCAGUGGAAGUUUGGA
J14,TMPO,CCCCGAGAUGCCGGAGUUCC
J14,TMPO,CGCCAACAAUGUGACGCUGC
J14,TMPO,GCGGCCGGUUGCGAGCCGUG
K14,TNKS1BP1,GGGCGCUUGCUGCCACCAUA
K14,TNKS1BP1,CUGUUGGGCCUCGGCCUCCC
K14,TNKS1BP1,CCCCUGUCAAGCCCAAACCC
L14,TNP1,GAUGACGGUGAGUGAGGGAU
L14,TNP1,CCUCUCUUGACUCCCUUGUG
L14,TNP1,AGCCGCAAAUUAAAGAGUCA
M14,TNRC18,GUUCCUUACCUUCAUGGGCG
M14,TNRC18,GAGCGGAAAGACAGGUCAGA
M14,TNRC18,GGCCAGCGGGAUGGGGCCCU
N14,TNRC6A,CCUGUUAUAGCAGCAAACCU
N14,TNRC6A,UUAAAGCACUGCUUUCUGAC
N14,TNRC6A,AAUGCCUUCUCUCACCUGAC
O14,TNRC6B,GAUUCCAAAUCUAUGCAAGA
O14,TNRC6B,UCGCCAUCCCAGCUGGGAAG
O14,TNRC6B,CUCCCACAACUCAGCAAGCU
B15,TNRC6C,AUGGCUACAGGGAGUGCCCA
B15,TNRC6C,GCUUUGGACGAGUGCGCCAU
B15,TNRC6C,AGCGAACAGUAAUGGAAGUG
C15,TOP1,UGUUAUUUCCAGAGAUGCCA
C15,TOP1,GGCAUGAUAACAAGGUUACU
C15,TOP1,UUACCUUGAUUCGUGAACUA
D15,TOP1MT,CGCAGAAGGGCAGUGGAGCC
D15,TOP1MT,CGGGGAGGUCCCCCGCCGCC
D15,TOP1MT,GCUGGCAGAUGCGCGUGGUG
E15,TOP2A,UUCUGUGGAAUUAGUGACCC
E15,TOP2A,CUAUCAAAAGAAAACACAAU
E15,TOP2A,ACUUGCAUAUUUUCAUUUAC
F15,TOP2B,AAUUCCGAACGGGCGGGGGA
F15,TOP2B,CGGCAACGGGGCACUGACCU
F15,TOP2B,GGCACUCGCCAUGGCCAAGU
G15,TOX3,GGGUGUGAAUUCACUUCCCU
G15,TOX3,CAGUACAUCCGGCAUGCCUA
G15,TOX3,AUUCCACACACCAAGCCUUG
H15,TOX4,UUUGGUUUCCAGUUUCCCGG
H15,TOX4,CUUCGCACCCCUUCCUGUCA
H15,TOX4,UGCCUCAGGCCCUACCCCCG
I15,TPR,AUUUCUCAUGCCGCCCCUUC
I15,TPR,GGAACUUUUCAAGUUUGUUC
I15,TPR,GCAGCAAGUCCUGGAGCGCA
J15,TRIM24,GGCGGUGGAGAAGGCGGUGG
J15,TRIM24,GGCCGAGAGUCGGCAGGGCC
J15,TRIM24,AGUGUCCAACAGGUUGAGCC
K15,TRIM27,CCGUGCCCCAGCAGCGGGCG
K15,TRIM27,UGGGCUCUGCGAAGUACUGC
K15,TRIM27,AGGCCGGCGCCAUGGCCUCC
L15,TRIM28,GGCGGCAGCCUCGGCAGCAG
L15,TRIM28,CCGCCAGCGGAGCCCUCGCC
L15,TRIM28,CGCGGCGUCGUCGCCCGCGG
M15,TRIM37,AAAUAAAAAGAUAAGGGAAA
M15,TRIM37,ACAGCUGAAACAACACAGUU
M15,TRIM37,UUUCCGAUGUUUCAUUUGUA
N15,TRIM71,CGUCGUCGGGGGGCGGCGGC
N15,TRIM71,CCUCGAGGCGCACCGGCUGC
N15,TRIM71,ACGGGGCAGCGCAGCUUGAG
O15,TRIP12,GUAUGAGCCUUGCUUGUUGA
O15,TRIP12,AUGUGGCUUAUUUGUUUCUG
O15,TRIP12,GUGCUAGUCCAGACUACAAC
B16,TRRAP,GGGGCAGGUGCUGGCGGACA
B16,TRRAP,GGACUCAUCGUCGAUGUUCU
B16,TRRAP,UGCAGUCCACCAGGUUCAGC
C16,TSN,GAAGAUCUCGCUCACAGACA
C16,TSN,AAGGGAGGGGGCUCGCCUCU
C16,TSN,CUGAGCGACAGAGGAGGGCC
D16,TSNAX,UUCUCUAUAUAAGGAUCAGG
D16,TSNAX,CCUUCUCUUCUUUGGUUAUG
D16,TSNAX,UGCAGAGAACUUACAUUUAA
E16,TSPY3,CUGUACAGGAGGGGGCGGCC
E16,TSPY3,CUGUACAGGAGGGGGCGGCC
E16,TSPY3,CUGUACAGGAGGGGGCGGCC
F16,TSPY4,GGAGGUGGUGGCGGAGGUGG
F16,TSPY4,GGAGGUGGUGGCGGAGGUGG
F16,TSPY4,GGAGGUGGUGGCGGAGGUGG
G16,TSPY8,CAGCCUCUCUGGCACCCAGU
G16,TSPY8,CAGCCUCUCUGGCACCCAGU
G16,TSPY8,CAGCCUCUCUGGCACCCAGU
H16,TSPYL1,UCACCUGUGUCGCCUCGCUU
H16,TSPYL1,UGACCAAGUCCCGAGCGACC
H16,TSPYL1,UGUUAGCAACAUGAGCGGCC
I16,TSPYL2,CCCCUCAUCUGGGCGGUCCA
I16,TSPYL2,CGGGUCGCGCUGUGGAGACU
I16,TSPYL2,GGGGUGGAGGCAGCGGCAGU
J16,TSPYL4,AGGGCUCCGUGAAGAAACCG
J16,TSPYL4,GAGCAGCCAGGCCGCCGGUU
J16,TSPYL4,UUCUUCCAAAAUGAGCGGCC
K16,TSPYL5,CACCCAGGCGGCACAGGUGC
K16,TSPYL5,GGGUCGCGCGGGGCGUCGUC
K16,TSPYL5,CCACCAUGAGCGGCCGAAGU
L16,TSPYL6,CAGUCAUGGAGCCAUCAAAG
L16,TSPYL6,AGAGGAGGGGGUCGCGCCCC
L16,TSPYL6,AGAUAUGUUUGAUGGCCGCU
M16,TTC5,AGCCCGAGCUGGUGGAAGCC
M16,TTC5,GACUCCUGACUAUAGCCCUA
M16,TTC5,CUUAGGUUCUGUCCAGGGCA
N16,TTF1,GUGAUCACAGAUUUUUCCUC
N16,TTF1,GAAGACUUUCUAGCCCUGAC
N16,TTF1,CUAGGUGUCGCUAUUAAAUU
O16,TWISTNB,GCGACAGCGCGAUGUGCCUU
O16,TWISTNB,GUUCACCAGCGCACAAGCAG
O16,TWISTNB,AGAGGCGCCGCGGCCAGCGG
B17,UBE2B,CUGGAUUUCCAGGUUACAAG
B17,UBE2B,CAGUGGAAUGCAGUUAUAUU
B17,UBE2B,UAAACAUAUAACAACUGUCU
C17,UBE2I,CGCCCUCAGCAGACUCGCCC
C17,UBE2I,AUGAAGCCCUCCUUACAAAU
C17,UBE2I,AACCGGCCUGCGAGUCCCAC
D17,UBE2T,UUUCAGCACAAUCUUCAAUA
D17,UBE2T,GAGCUCGCAGGUCAUCCAUU
D17,UBE2T,UUAGCCACAGAGCCACCCCC
E17,UBN1,UUUGAAGAAGUCCCGGAAGG
E17,UBN1,GUUUGUGAUCUGGUUCAAAG
E17,UBN1,AAUAUCCGAGGGAAGGUAAA
F17,UBR2,GUACAUAGUGGGCUAAAUGC
F17,UBR2,GCCAGCAUGUCUUCUUUCUG
F17,UBR2,UGUGGUGAAGAUCCUGCAUU
G17,UBTF,GUAGCAUUUAAAGACUUUUC
G17,UBTF,AACUUGGAGCUGUCAUUGGA
G17,UBTF,UUUACCAGACCGUUGGUCCC
H17,UCHL5,GGGCCUGGGGUCACGGGAGG
H17,UCHL5,AAUGAGCUCGGUGAAGACCC
H17,UCHL5,AGGGCCAUGACGGGCAAUGC
I17,UHRF1,CGCCGACACCAUGUGGAUCC
I17,UHRF1,UGGACAGCGAGUCCACCGUG
I17,UHRF1,GCUGUUCUACAGGGGCAAAC
J17,UHRF2,AGGCGCCAAGAUGUGGAUAC
J17,UHRF2,CUCGCGCAGCUCCUCAAUCG
J17,UHRF2,GUAGAAGAGGCGCUGGCAUU
K17,UIMC1,ACUAACCUCUCCAUCACUAU
K17,UIMC1,CCUCUUCACACUGACAGAAC
K17,UIMC1,UUAAAGAAGUCUCCGAAUCU
L17,UNG,CGGGGCCUUCUUGGCUGGGA
L17,UNG,GGACCGGAUCCAGAGGAACA
L17,UNG,CCGUGGGCUUUGGAGAGAGC
M17,UPF1,ACCCGGAGGCACCAUGAGCG
M17,UPF1,CUGCUUGGCGCCGACACACA
M17,UPF1,CGCCGGGGGGCGUCUGCGUC
N17,USP16,GUGUGCAGACACAUUAGAAA
N17,USP16,UAUUGUCAGUCUUACAGUCU
N17,USP16,GUUUGGCUGUGUCUUAAAUG
O17,USP21,UGUUACGACCUCUGCCUCCC
O17,USP21,CUGGGACGGGGACGGACCUC
O17,USP21,GAUCAUGGGGUUCCCCUGCC
B18,USP22,AGCACUGGUAGAUGGCCCGC
B18,USP22,CCCAGGUGCGAGCAGCCCGG
B18,USP22,CCUUGCCCCCCAUGGUGUCC
C18,USP3,CAAUGCAGACGCUGGAGCUC
C18,USP3,GCUGCAGCACCAGGACGACG
C18,USP3,GCCCGGCAGAGCCGCGGCCU
D18,USP49,CUGGCCCCGGACCGCCAGGA
D18,USP49,UGAGCACGUAGUCCUUGCAC
D18,USP49,GACGGGACACCCGCUAGCCA
E18,USP51,CAAGAUUGAUUAGCCCUCUC
E18,USP51,AAAGGAACAGGAGCCAAAAU
E18,USP51,AUCAACAGUUUAUGACAUCA
F18,UTY,AGGCGCUUGGUGGCAUGGAC
F18,UTY,AGCGAGCCGCGAGAGUGAAG
F18,UTY,GGUAGUGAGCGACACUGCGC
G18,VRK1,GCUUGAGCUGCUUUUACACG
G18,VRK1,UGGAGAGAUAAUAACUGACA
G18,VRK1,CCAAAGCCUCCUUGGCCAAU
H18,WAC,CAUGAAAAGAUGCGAGACGC
H18,WAC,CUGUCACUGUAUUUGUUUUC
H18,WAC,CACAGAGUUAGAGAGAGGGA
I18,WAPL,AUAAGAGGAACACUUAACCU
I18,WAPL,UCAUCACUAUCAAAUCCAAA
I18,WAPL,UUCGGAAUUUCUUGGAUAUC
J18,WBP2,GGUGGAUAGGGGUAGCCAGG
J18,WBP2,GGGAUAGACAUAGGCCCCGC
J18,WBP2,CUUGUACUCGUAGCCUCCAG
K18,WDR5,UUCAGUUUGACGAAAGCGUG
K18,WDR5,CAAGACUUUGCCAGCUCACU
K18,WDR5,AUGUCAGAGAAACGUAGUGC
L18,WDR61,AAGUCCAUAGAUGCAGGACC
L18,WDR61,AAUAUGAGCAUCAAGAGAGC
L18,WDR61,GUCCCUCCAGACUCCACUGU
M18,WDR82,GCCGCACUCACUUGCCCUCC
M18,WDR82,CGAGAUGACCGUCUCGCCGU
M18,WDR82,CGCGGAACACCUUAGCGACG
N18,WRN,UUAGCAUGAGUCUAUCAGAU
N18,WRN,UUCCCUCUAUUGUAUAAUGG
N18,WRN,UUCCACGUUUCUUCCAUGUC
O18,WTIP,GGCCAUGCAGCGCUCCAGGG
O18,WTIP,GCCCUGCGGGAGCUGGAGCC
O18,WTIP,CGCGCUGGGCCGCAGAGGGA
B19,XPO5,UGCAAUGAGAAGACACUCAG
B19,XPO5,UGCUGAAAACUGUAAACUCC
B19,XPO5,GCAGCACUGAAUACUCUAGC
C19,YY1,CUGGUCACCGUGGCGGCGGC
C19,YY1,GGAGGCGGCCGCGUCAAGAA
C19,YY1,CGACCCGGGCAACAAGAAGU
D19,ZBTB1,UUUGGUUGUUUAGCUGCUGA
D19,ZBTB1,CAUUUACUUUCAAGCACACA
D19,ZBTB1,GUUGUGCAGUACUAUGCUGA
E19,ZC3H10,GCGGGACCAGGAUGCCUGAC
E19,ZC3H10,UCCUCGCUGCCACCACCUCC
E19,ZC3H10,CCAUCUGUAGAGACUUCUUG
F19,ZC3H12A,CGACAGAUUCAUUGUGAAGC
F19,ZC3H12A,GAGGUCACGGUAUGUGUCGU
F19,ZC3H12A,AACAUACUUGUCAUUGACGA
G19,ZC3H7A,GAUGAUGGAGAUAUGGUCCU
G19,ZC3H7A,CGCUCUGCCAUCUGCAGUGC
G19,ZC3H7A,UCAUGAAGUUGGAAGUGAGC
H19,ZC3H7B,ACAGGCCUUUCUGCUCAAGC
H19,ZC3H7B,CCGGGAGAAGGACUAUAAGC
H19,ZC3H7B,CUGGUCAGAGGCAGCGUAGU
I19,ZCCHC11,UCUGCUUCUGCUGGUGAACU
I19,ZCCHC11,UUCACUGAAUUAGGUGACUU
I19,ZCCHC11,GUUGCCUUUUCGGCUUUCAC
J19,ZFP36,CCUCCAUGGUCGGAUGGCAC
J19,ZFP36,UCGGAGGGGCUCAGGCUCCA
J19,ZFP36,GGAGGGCCGCAGCUGUGGCU
K19,ZFP57,UAGUCCAGAAGCAUCACAGU
K19,ZFP57,GCAUGCGUCUGUGAUAGCUG
K19,ZFP57,UGGGAUUGUGAACAAACUGG
L19,ZNF304,UCUGUGUAAGGUGUGAUCCC
L19,ZNF304,CAUUAUGUUGCUUCUGGUGC
L19,ZNF304,UGUACAGCUCUUCACAAAUG
M19,ZNF335,GAUGGCCGAGCCCAGGUCCG
M19,ZNF335,CACUAGAGUGCACAAGUGCU
M19,ZNF335,ACACAGACGAUGAAUCAGGG
N19,ZNF451,GAUGAUGCAGGACUCAAAAC
N19,ZNF451,UCCGAAGAGGAGGCCACACG
N19,ZNF451,UGUAACAAGGAGUUUGACAA
O19,ZNRD1,AGCUGGAGCAAGUAUUGGCG
O19,ZNRD1,GCUCGGUCCUGCCUCUGCCC
O19,ZNRD1,UGGCUUCAACAUCAACGUUC
